,895,m,l 
,895,m,l 
,895,m,l 
,895,m,l 
,895,m,l 
,895,m,l 
,895,m,l 
,895,m,l 
,895,m,l 
,895,m,l 
,895,m,l 
,895,m,l 
,895,m,l 
,895,m,l 
,895,m,l 
,895,m,l 
,895,m,l 
,895,m,l 
,895,m,l 
,895,m,l 
,895,m,l 
,895,m,l 
,895,m,l 
,895,m,l 
,895,m,l 
,895,m,l 
,895,m,l 
,895,m,l 
,895,m,l 
,895,m,l 
,895,m,l 
,895,m,l 
,895,m,l 
,895,m,l 
,895,m,l 
,895,m,l 
,895,m,l 
,895,m,l 
,895,m,l 
,895,m,l 
,895,m,l 
,895,m,l 
,895,m,l 
,895,m,l 
,895,m,l 
,895,m,l 
,896,m,l 
,895,m,l 
,895,m,l 
,895,m,l 
,895,m,l 
,895,m,l 
,895,m,l 
,895,m,l 
,895,m,l 
,895,m,l 
,895,m,l 
